INSERT INTO estado (nombre_estado) VALUES
('Jalisco'),
('Colima'),
('Nayarit'),
('Guanajuato'),
('Estado de México'),
('Ciudad de México'),
('Nuevo León'),
('Oaxaca'),
('Quintana Roo'),
('Puebla'),
('Veracruz'),
('Chiapas'),
('Chihuahua'),
('Coahuila'),
('Sinaloa'),
('Michoacán'),
('Querétaro'),
('San Luis Potosí'),
('Tlaxcala'),
('Durango');

INSERT INTO ciudades (ciudad_cte, cp_cte) VALUES
('Guadalajara','44100'),
('Zapopan','45100'),
('Puerto Vallarta','48300'),
('Colima','28000'),
('Manzanillo','28200'),
('Tepic','63000'),
('León','37000'),
('Irapuato','36600'),
('Toluca','50000'),
('Ciudad de México','06000'),
('Monterrey','64000'),
('San Pedro Garza García','66220'),
('Oaxaca de Juárez','68000'),
('Puebla de Zaragoza','72000'),
('Cancún','77500'),
('Mérida','97000'),
('Veracruz','91700'),
('Tuxtla Gutiérrez','29000'),
('Chihuahua','31000'),
('Torreón','27000');

INSERT INTO cliente (rfc_cte, nombre_cte, direccion_cte, id_estado, id_ciudad) VALUES
('TOLA900311ABC','Ana Lucía Torres','Av. Vallarta 1250, Colonia Americana',1,1),
('LOPJ810922DEF','José Carlos López','Calle Universidad 1984, Colonia Ciudad Granja',1,2),
('GOVM830624GHJ','María Gómez Velázquez','Calle Basilio Badillo 310, Colonia Emiliano Zapata',1,3),
('PIRR920418KLM','Luis Pineda Ramírez','Av. Revolución 88, Colonia El Porvenir',2,4),
('SOMA870305PQR','Sofía Martínez Araiza','Calle Benito Juárez 45, Colonia Centro',2,5),
('RUHE950712STU','Ricardo Hernández Rubio','Av. Universidad 780, Colonia Salagua',3,6),
('CRLE880507VWX','Alejandra Cruz León','Blvd. Morelos 350, Colonia Las Palmas',4,7),
('MAGA760213YZA','Iván Gabriel Mata','Av. Independencia 210, Colonia Jardines',4,8),
('VELU830911BCD','Paola Velázquez Luna','Calle Miguel Hidalgo 15, Colonia Centro',5,9),
('ORTE660328EFG','Marco Ortega Ruiz','Calle Bolívar 23, Colonia Centro Histórico',6,10),
('GARA920102HIJ','Fernanda García Ramírez','Av. Constitución 555, Colonia Centro',7,11),
('SAGA790719KLM','Alejandro Sandoval García','Calle Río Amazonas 615, Colonia Del Valle',7,12),
('ROOR841215NOP','Carlos Rojas Orozco','Calle Macedonio Alcalá 310, Colonia Centro',8,13),
('PAHU910401QRS','Erika Pacheco Hurtado','Av. Reforma 700, Colonia Analco',10,14),
('IBOR830608TUV','Laura Ibarra Ortega','Blvd. Kukulcán 150, Zona Hotelera',9,15),
('QUME880229WXY','Jorge Mendoza Quiñones','Calle 60 #489, Colonia Centro',16,16),
('VEMU740115YZA','David Ventura Muñoz','Av. Independencia 1560, Colonia Centro',11,17),
('TURO680824BCD','Mónica Tovar Ruiz','Calle Central Poniente 15, Colonia Centro',12,18),
('CHVA900513EFG','Ricardo Chávez Valdez','Av. Tecnológico 1520, Colonia Universitaria',13,19),
('CACA751209HIJ','Karina Castillo Campos','Calzada Colón 1001, Colonia Centro',14,20);

INSERT INTO producto (descripcion_producto, precio_unitario) VALUES
('Laptop Dell Inspiron 15 3000', 12999.00),
('Smartphone Samsung Galaxy A54', 7499.00),
('Router TP-Link Archer A7', 899.00),
('Monitor LG 24\" IPS', 3199.00),
('Teclado Mecánico Corsair K60', 2699.00),
('Mouse Logitech MX Master 3', 2499.00),
('Audífonos JBL Tune 700BT', 1599.00),
('SSD Kingston A2000 500GB', 1599.00),
('Disco Duro Seagate 2TB', 2199.00),
('Memoria RAM Kingston 8GB DDR4 2666MHz', 999.00);

INSERT INTO pedido (id_cte, fecha_pedido) VALUES
(1,'2025-04-28'),
(2,'2025-04-29'),
(3,'2025-04-30'),
(4,'2025-05-01'),
(5,'2025-05-02'),
(6,'2025-05-03'),
(7,'2025-05-04'),
(8,'2025-05-05'),
(9,'2025-05-06'),
(10,'2025-05-07'),
(11,'2025-05-08'),
(12,'2025-05-09'),
(13,'2025-05-10'),
(14,'2025-05-11'),
(15,'2025-05-12'),
(16,'2025-05-13'),
(17,'2025-05-14'),
(18,'2025-05-15'),
(19,'2025-05-16'),
(20,'2025-05-17');

INSERT INTO detalle_pedido (id_pedido, id_producto, cantidad_productos) VALUES
(1, 1, 2),
(2, 2, 1),
(3, 3, 3),
(4, 4, 2),
(5, 5, 1),
(6, 6, 2),
(7, 7, 1),
(8, 8, 3),
(9, 9, 1),
(10, 10, 2),
(11, 1, 1),
(12, 2, 2),
(13, 3, 1),
(14, 4, 3),
(15, 5, 1),
(16, 6, 2),
(17, 7, 1),
(18, 8, 2),
(19, 9, 1),
(20, 10, 2);
